{
  "throughput_orders_per_hour": 4.941064642256307,
  "average_lead_time_hours": 19.998110757816168,
  "max_lead_time_hours": 46.18324664307032,
  "min_lead_time_hours": 0.24999999999999994,
  "machine_a_utilization": 0.42068502175034034,
  "machine_b_utilization": 0.4982736271769176,
  "machine_c_utilization": 0.329801182145775,
  "total_shipments": 39,
  "total_products_shipped": 780.0,
  "average_products_per_shipment": 20.0,
  "delay_rate": 0.07692307692307693,
  "average_delay_time_hours": 3.6172879623201957,
  "average_warehouse_wait_time": 0.0,
  "average_warehouse_inventory": 354.22505800464035,
  "average_buffer_A_B_level_level": 7.427553444180522,
  "max_buffer_A_B_level_level": 10,
  "average_buffer_B_C_level_level": 0.2741451709658068,
  "max_buffer_B_C_level_level": 5
}