{
  "total_events": 4982,
  "simulation_duration": 167.96440311657688,
  "event_types": {
    "machine_processing": 2247,
    "order_arrival": 1100,
    "warehouse_get": 754,
    "order_completed": 745,
    "machine_failure": 43,
    "machine_repair": 42,
    "lorry_departure": 37,
    "warehouse_replenishment": 13,
    "car_issue": 1
  },
  "kpis": {
    "throughput_orders_per_hour": 4.4354636231042806,
    "average_lead_time_hours": 28.795759034657433,
    "max_lead_time_hours": 56.161748415851264,
    "min_lead_time_hours": 0.26666666666666666,
    "machine_a_utilization": 0.3735910635567747,
    "machine_b_utilization": 0.5202491225041543,
    "machine_c_utilization": 0.29569757487361137,
    "total_shipments": 37,
    "total_products_shipped": 740.0,
    "average_products_per_shipment": 20.0,
    "delay_rate": 0.02702702702702703,
    "average_delay_time_hours": 6.361355172562932,
    "average_warehouse_wait_time": 0.0,
    "average_warehouse_inventory": 389.3294270833333,
    "average_buffer_A_B_level_level": 4.592814371257485,
    "max_buffer_A_B_level_level": 5,
    "average_buffer_B_C_level_level": 0.4234113712374582,
    "max_buffer_B_C_level_level": 5
  }
}